bin,prop,residue,position
2012.5,1.0,G,181
2012.5,0,A,181
2012.5,0,S,181
2013.0,1.0,G,181
2013.0,0,A,181
2013.0,0,S,181
2013.5,1.0,G,181
2013.5,0,A,181
2013.5,0,S,181
2014.0,1.0,G,181
2014.0,0,A,181
2014.0,0,S,181
2014.5,0.998327759197,G,181
2014.5,0,A,181
2014.5,0.00167224080268,S,181
2015.0,1.0,G,181
2015.0,0,A,181
2015.0,0,S,181
2015.5,1.0,G,181
2015.5,0,A,181
2015.5,0,S,181
2016.0,1.0,G,181
2016.0,0,A,181
2016.0,0,S,181
2016.5,0.999446290144,G,181
2016.5,0.000553709856035,A,181
2016.5,0,S,181
2017.0,1.0,G,181
2017.0,0,A,181
2017.0,0,S,181
2012.5,0.982300884956,G,205
2012.5,0.0176991150442,E,205
2012.5,0,W,205
2013.0,0.991304347826,G,205
2013.0,0.00434782608696,E,205
2013.0,0.00434782608696,W,205
2013.5,0.998185117967,G,205
2013.5,0,E,205
2013.5,0.00181488203267,W,205
2014.0,1.0,G,205
2014.0,0,E,205
2014.0,0,W,205
2014.5,1.0,G,205
2014.5,0,E,205
2014.5,0,W,205
2015.0,1.0,G,205
2015.0,0,E,205
2015.0,0,W,205
2015.5,1.0,G,205
2015.5,0,E,205
2015.5,0,W,205
2016.0,1.0,G,205
2016.0,0,E,205
2016.0,0,W,205
2016.5,1.0,G,205
2016.5,0,E,205
2016.5,0,W,205
2017.0,1.0,G,205
2017.0,0,E,205
2017.0,0,W,205
2012.5,0.982658959538,D,225
2012.5,0.014450867052,G,225
2012.5,0.0028901734104,N,225
2012.5,0,T,225
2012.5,0,E,225
2012.5,0,H,225
2012.5,0,Y,225
2012.5,0,V,225
2013.0,0.991341991342,D,225
2013.0,0.00865800865801,G,225
2013.0,0,N,225
2013.0,0,T,225
2013.0,0,E,225
2013.0,0,H,225
2013.0,0,Y,225
2013.0,0,V,225
2013.5,0.965517241379,D,225
2013.5,0.0290381125227,G,225
2013.5,0.00362976406534,N,225
2013.5,0,T,225
2013.5,0,E,225
2013.5,0,H,225
2013.5,0.00181488203267,Y,225
2013.5,0,V,225
2014.0,0.971428571429,D,225
2014.0,0.0190476190476,G,225
2014.0,0.00714285714286,N,225
2014.0,0,T,225
2014.0,0,E,225
2014.0,0,H,225
2014.0,0.00238095238095,Y,225
2014.0,0,V,225
2014.5,0.962774957699,D,225
2014.5,0.0186125211506,G,225
2014.5,0.0118443316413,N,225
2014.5,0.00169204737733,T,225
2014.5,0.00338409475465,E,225
2014.5,0.00169204737733,H,225
2014.5,0,Y,225
2014.5,0,V,225
2015.0,0.989189189189,D,225
2015.0,0.0108108108108,G,225
2015.0,0,N,225
2015.0,0,T,225
2015.0,0,E,225
2015.0,0,H,225
2015.0,0,Y,225
2015.0,0,V,225
2015.5,0.976539589443,D,225
2015.5,0.0146627565982,G,225
2015.5,0.00733137829912,N,225
2015.5,0,T,225
2015.5,0,E,225
2015.5,0,H,225
2015.5,0,Y,225
2015.5,0.00146627565982,V,225
2016.0,0.987460815047,D,225
2016.0,0.0073145245559,G,225
2016.0,0.00417972831766,N,225
2016.0,0,T,225
2016.0,0.00104493207941,E,225
2016.0,0,H,225
2016.0,0,Y,225
2016.0,0,V,225
2016.5,0.989379541643,D,225
2016.5,0.00782560089435,G,225
2016.5,0.00279485746227,N,225
2016.5,0,T,225
2016.5,0,E,225
2016.5,0,H,225
2016.5,0,Y,225
2016.5,0,V,225
2017.0,1.0,D,225
2017.0,0,G,225
2017.0,0,N,225
2017.0,0,T,225
2017.0,0,E,225
2017.0,0,H,225
2017.0,0,Y,225
2017.0,0,V,225
2012.5,0.991354466859,I,512
2012.5,0,V,512
2012.5,0.00864553314121,T,512
2013.0,0.935897435897,I,512
2013.0,0.0128205128205,V,512
2013.0,0.0512820512821,T,512
2013.5,0.994565217391,I,512
2013.5,0.0054347826087,V,512
2013.5,0,T,512
2014.0,0.997624703088,I,512
2014.0,0.00237529691211,V,512
2014.0,0,T,512
2014.5,0.983277591973,I,512
2014.5,0.0167224080268,V,512
2014.5,0,T,512
2015.0,0.994652406417,I,512
2015.0,0,V,512
2015.0,0.00534759358289,T,512
2015.5,0.998544395924,I,512
2015.5,0.00145560407569,V,512
2015.5,0,T,512
2016.0,0.980208333333,I,512
2016.0,0.0197916666667,V,512
2016.0,0,T,512
2016.5,0.991689750693,I,512
2016.5,0.00775623268698,V,512
2016.5,0.000554016620499,T,512
2017.0,1.0,I,512
2017.0,0,V,512
2017.0,0,T,512
2012.5,1.0,L,526
2012.5,0,S,526
2012.5,0,V,526
2012.5,0,F,526
2013.0,1.0,L,526
2013.0,0,S,526
2013.0,0,V,526
2013.0,0,F,526
2013.5,0.998188405797,L,526
2013.5,0,S,526
2013.5,0.0018115942029,V,526
2013.5,0,F,526
2014.0,1.0,L,526
2014.0,0,S,526
2014.0,0,V,526
2014.0,0,F,526
2014.5,1.0,L,526
2014.5,0,S,526
2014.5,0,V,526
2014.5,0,F,526
2015.0,1.0,L,526
2015.0,0,S,526
2015.0,0,V,526
2015.0,0,F,526
2015.5,1.0,L,526
2015.5,0,S,526
2015.5,0,V,526
2015.5,0,F,526
2016.0,1.0,L,526
2016.0,0,S,526
2016.0,0,V,526
2016.0,0,F,526
2016.5,0.998892580288,L,526
2016.5,0.000553709856035,S,526
2016.5,0,V,526
2016.5,0.000553709856035,F,526
2017.0,1.0,L,526
2017.0,0,S,526
2017.0,0,V,526
2017.0,0,F,526
